word,polarity
able,0.2
abundance,0.2
abundant,0.2
acclaimed,0.2
accomplish,0.2
accomplished,0.2
accomplishes,0.2
accomplishing,0.2
accomplishment,0.2
accomplishments,0.2
achieve,0.2
achieved,0.2
achievement,0.2
achievements,0.2
achieves,0.2
achieving,0.2
adequately,0.2
advancement,0.2
advancements,0.2
advances,0.2
advancing,0.2
advantage,0.2
advantaged,0.2
advantageous,0.2
advantageously,0.2
advantages,0.2
alliance,0.2
alliances,0.2
assure,0.2
assured,0.2
assures,0.2
assuring,0.2
attain,0.2
attained,0.2
attaining,0.2
attainment,0.2
attainments,0.2
attains,0.2
attractive,0.2
attractiveness,0.2
beautiful,0.2
beautifully,0.2
beneficial,0.2
beneficially,0.2
benefit,0.2
benefited,0.2
benefiting,0.2
benefitted,0.2
benefitting,0.2
best,0.2
better,0.2
bolstered,0.2
bolstering,0.2
bolsters,0.2
boom,0.2
booming,0.2
boost,0.2
boosted,0.2
breakthrough,0.2
breakthroughs,0.2
brilliant,0.2
charitable,0.2
collaborate,0.2
collaborated,0.2
collaborates,0.2
collaborating,0.2
collaboration,0.2
collaborations,0.2
collaborative,0.2
collaborator,0.2
collaborators,0.2
compliment,0.2
complimentary,0.2
complimented,0.2
complimenting,0.2
compliments,0.2
conclusive,0.2
conclusively,0.2
conducive,0.2
confident,0.2
constructive,0.2
constructively,0.2
courteous,0.2
creative,0.2
creatively,0.2
creativeness,0.2
creativity,0.2
delight,0.2
delighted,0.2
delightful,0.2
delightfully,0.2
delighting,0.2
delights,0.2
dependability,0.2
dependable,0.2
desirable,0.2
desired,0.2
despite,0.2
destined,0.2
diligent,0.2
diligently,0.2
distinction,0.2
distinctions,0.2
distinctive,0.2
distinctively,0.2
distinctiveness,0.2
dream,0.2
easier,0.2
easily,0.2
easy,0.2
effective,0.2
efficiencies,0.2
efficiency,0.2
efficient,0.2
efficiently,0.2
empower,0.2
empowered,0.2
empowering,0.2
empowers,0.2
enable,0.2
enabled,0.2
enables,0.2
enabling,0.2
encouraged,0.2
encouragement,0.2
encourages,0.2
encouraging,0.2
enhance,0.2
enhanced,0.2
enhancement,0.2
enhancements,0.2
enhances,0.2
enhancing,0.2
enjoy,0.2
enjoyable,0.2
enjoyably,0.2
enjoyed,0.2
enjoying,0.2
enjoyment,0.2
enjoys,0.2
enthusiasm,0.2
enthusiastic,0.2
enthusiastically,0.2
excellence,0.2
excellent,0.2
excelling,0.2
excels,0.2
exceptional,0.2
exceptionally,0.2
excited,0.2
excitement,0.2
exciting,0.2
exclusive,0.2
exclusively,0.2
exclusiveness,0.2
exclusives,0.2
exclusivity,0.2
exemplary,0.2
fantastic,0.2
favorable,0.2
favorably,0.2
favored,0.2
favoring,0.2
favorite,0.2
favorites,0.2
friendly,0.2
gain,0.2
gained,0.2
gaining,0.2
gains,0.2
good,0.2
great,0.2
greater,0.2
greatest,0.2
greatly,0.2
greatness,0.2
happiest,0.2
happily,0.2
happiness,0.2
happy,0.2
highest,0.2
honor,0.2
honorable,0.2
honored,0.2
honoring,0.2
honors,0.2
ideal,0.2
impress,0.2
impressed,0.2
impresses,0.2
impressing,0.2
impressive,0.2
impressively,0.2
improve,0.2
improved,0.2
improvement,0.2
improvements,0.2
improves,0.2
improving,0.2
incredible,0.2
incredibly,0.2
influential,0.2
informative,0.2
ingenuity,0.2
innovate,0.2
innovated,0.2
innovates,0.2
innovating,0.2
innovation,0.2
innovations,0.2
innovative,0.2
innovativeness,0.2
innovator,0.2
innovators,0.2
insightful,0.2
inspiration,0.2
inspirational,0.2
integrity,0.2
invent,0.2
invented,0.2
inventing,0.2
invention,0.2
inventions,0.2
inventive,0.2
inventiveness,0.2
inventor,0.2
inventors,0.2
leadership,0.2
leading,0.2
loyal,0.2
lucrative,0.2
meritorious,0.2
opportunities,0.2
opportunity,0.2
optimistic,0.2
outperform,0.2
outperformed,0.2
outperforming,0.2
outperforms,0.2
perfect,0.2
perfected,0.2
perfectly,0.2
perfects,0.2
pleasant,0.2
pleasantly,0.2
pleased,0.2
pleasure,0.2
plentiful,0.2
popular,0.2
popularity,0.2
positive,0.2
positively,0.2
preeminence,0.2
preeminent,0.2
premier,0.2
premiere,0.2
prestige,0.2
prestigious,0.2
proactive,0.2
proactively,0.2
proficiency,0.2
proficient,0.2
proficiently,0.2
profitability,0.2
profitable,0.2
profitably,0.2
progress,0.2
progressed,0.2
progresses,0.2
progressing,0.2
prospered,0.2
prospering,0.2
prosperity,0.2
prosperous,0.2
prospers,0.2
rebound,0.2
rebounded,0.2
rebounding,0.2
receptive,0.2
regain,0.2
regained,0.2
regaining,0.2
resolve,0.2
revolutionize,0.2
revolutionized,0.2
revolutionizes,0.2
revolutionizing,0.2
reward,0.2
rewarded,0.2
rewarding,0.2
rewards,0.2
satisfaction,0.2
satisfactorily,0.2
satisfactory,0.2
satisfied,0.2
satisfies,0.2
satisfy,0.2
satisfying,0.2
smooth,0.2
smoothing,0.2
smoothly,0.2
smooths,0.2
solves,0.2
solving,0.2
spectacular,0.2
spectacularly,0.2
stability,0.2
stabilization,0.2
stabilizations,0.2
stabilize,0.2
stabilized,0.2
stabilizes,0.2
stabilizing,0.2
stable,0.2
strength,0.2
strengthen,0.2
strengthened,0.2
strengthening,0.2
strengthens,0.2
strengths,0.2
strong,0.2
stronger,0.2
strongest,0.2
succeed,0.2
succeeded,0.2
succeeding,0.2
succeeds,0.2
success,0.2
successes,0.2
successful,0.2
successfully,0.2
superior,0.2
surpass,0.2
surpassed,0.2
surpasses,0.2
surpassing,0.2
transparency,0.2
tremendous,0.2
tremendously,0.2
unmatched,0.2
unparalleled,0.2
unsurpassed,0.2
upturn,0.2
upturns,0.2
valuable,0.2
versatile,0.2
versatility,0.2
vibrancy,0.2
vibrant,0.2
win,0.2
winner,0.2
winners,0.2
winning,0.2
worthy,0.2
abandon,-0.2
abandoned,-0.2
abandoning,-0.2
abandonment,-0.2
abandonments,-0.2
abandons,-0.2
abdicated,-0.2
abdicates,-0.2
abdicating,-0.2
abdication,-0.2
abdications,-0.2
aberrant,-0.2
aberration,-0.2
aberrational,-0.2
aberrations,-0.2
abetting,-0.2
abnormal,-0.2
abnormalities,-0.2
abnormality,-0.2
abnormally,-0.2
abolish,-0.2
abolished,-0.2
abolishes,-0.2
abolishing,-0.2
abrogate,-0.2
abrogated,-0.2
abrogates,-0.2
abrogating,-0.2
abrogation,-0.2
abrogations,-0.2
abrupt,-0.2
abruptly,-0.2
abruptness,-0.2
absence,-0.2
absences,-0.2
absenteeism,-0.2
abuse,-0.2
abused,-0.2
abuses,-0.2
abusing,-0.2
abusive,-0.2
abusively,-0.2
abusiveness,-0.2
accident,-0.2
accidental,-0.2
accidentally,-0.2
accidents,-0.2
accusation,-0.2
accusations,-0.2
accuse,-0.2
accused,-0.2
accuses,-0.2
accusing,-0.2
acquiesce,-0.2
acquiesced,-0.2
acquiesces,-0.2
acquiescing,-0.2
acquit,-0.2
acquits,-0.2
acquittal,-0.2
acquittals,-0.2
acquitted,-0.2
acquitting,-0.2
adulterate,-0.2
adulterated,-0.2
adulterating,-0.2
adulteration,-0.2
adulterations,-0.2
adversarial,-0.2
adversaries,-0.2
adversary,-0.2
adverse,-0.2
adversely,-0.2
adversities,-0.2
adversity,-0.2
aftermath,-0.2
aftermaths,-0.2
against,-0.2
aggravate,-0.2
aggravated,-0.2
aggravates,-0.2
aggravating,-0.2
aggravation,-0.2
aggravations,-0.2
alerted,-0.2
alerting,-0.2
alienate,-0.2
alienated,-0.2
alienates,-0.2
alienating,-0.2
alienation,-0.2
alienations,-0.2
allegation,-0.2
allegations,-0.2
allege,-0.2
alleged,-0.2
allegedly,-0.2
alleges,-0.2
alleging,-0.2
annoy,-0.2
annoyance,-0.2
annoyances,-0.2
annoyed,-0.2
annoying,-0.2
annoys,-0.2
annul,-0.2
annulled,-0.2
annulling,-0.2
annulment,-0.2
annulments,-0.2
annuls,-0.2
anomalies,-0.2
anomalous,-0.2
anomalously,-0.2
anomaly,-0.2
anticompetitive,-0.2
antitrust,-0.2
argue,-0.2
argued,-0.2
arguing,-0.2
argument,-0.2
argumentative,-0.2
arguments,-0.2
arrearage,-0.2
arrearages,-0.2
arrears,-0.2
arrest,-0.2
arrested,-0.2
arrests,-0.2
artificially,-0.2
assault,-0.2
assaulted,-0.2
assaulting,-0.2
assaults,-0.2
assertions,-0.2
attrition,-0.2
aversely,-0.2
backdating,-0.2
bad,-0.2
bail,-0.2
bailout,-0.2
balk,-0.2
balked,-0.2
bankrupt,-0.2
bankruptcies,-0.2
bankruptcy,-0.2
bankrupted,-0.2
bankrupting,-0.2
bankrupts,-0.2
bans,-0.2
barred,-0.2
barrier,-0.2
barriers,-0.2
bottleneck,-0.2
bottlenecks,-0.2
boycott,-0.2
boycotted,-0.2
boycotting,-0.2
boycotts,-0.2
breach,-0.2
breached,-0.2
breaches,-0.2
breaching,-0.2
break,-0.2
breakage,-0.2
breakages,-0.2
breakdown,-0.2
breakdowns,-0.2
breaking,-0.2
breaks,-0.2
bribe,-0.2
bribed,-0.2
briberies,-0.2
bribery,-0.2
bribes,-0.2
bribing,-0.2
bridge,-0.2
broken,-0.2
burden,-0.2
burdened,-0.2
burdening,-0.2
burdens,-0.2
burdensome,-0.2
burned,-0.2
calamities,-0.2
calamitous,-0.2
calamity,-0.2
cancel,-0.2
canceled,-0.2
canceling,-0.2
cancellation,-0.2
cancellations,-0.2
cancelled,-0.2
cancelling,-0.2
cancels,-0.2
careless,-0.2
carelessly,-0.2
carelessness,-0.2
catastrophe,-0.2
catastrophes,-0.2
catastrophic,-0.2
catastrophically,-0.2
caution,-0.2
cautionary,-0.2
cautioned,-0.2
cautioning,-0.2
cautions,-0.2
cease,-0.2
ceased,-0.2
ceases,-0.2
ceasing,-0.2
censure,-0.2
censured,-0.2
censures,-0.2
censuring,-0.2
challenge,-0.2
challenged,-0.2
challenges,-0.2
challenging,-0.2
chargeoffs,-0.2
circumvent,-0.2
circumvented,-0.2
circumventing,-0.2
circumvention,-0.2
circumventions,-0.2
circumvents,-0.2
claiming,-0.2
claims,-0.2
clawback,-0.2
closed,-0.2
closeout,-0.2
closeouts,-0.2
closing,-0.2
closings,-0.2
closure,-0.2
closures,-0.2
coerce,-0.2
coerced,-0.2
coerces,-0.2
coercing,-0.2
coercion,-0.2
coercive,-0.2
collapse,-0.2
collapsed,-0.2
collapses,-0.2
collapsing,-0.2
collision,-0.2
collisions,-0.2
collude,-0.2
colluded,-0.2
colludes,-0.2
colluding,-0.2
collusion,-0.2
collusions,-0.2
collusive,-0.2
complain,-0.2
complained,-0.2
complaining,-0.2
complains,-0.2
complaint,-0.2
complaints,-0.2
complicate,-0.2
complicated,-0.2
complicates,-0.2
complicating,-0.2
complication,-0.2
complications,-0.2
compulsion,-0.2
concealed,-0.2
concealing,-0.2
concede,-0.2
conceded,-0.2
concedes,-0.2
conceding,-0.2
concern,-0.2
concerned,-0.2
concerns,-0.2
conciliating,-0.2
conciliation,-0.2
conciliations,-0.2
condemn,-0.2
condemnation,-0.2
condemnations,-0.2
condemned,-0.2
condemning,-0.2
condemns,-0.2
condone,-0.2
condoned,-0.2
confess,-0.2
confessed,-0.2
confesses,-0.2
confessing,-0.2
confession,-0.2
confine,-0.2
confined,-0.2
confinement,-0.2
confinements,-0.2
confines,-0.2
confining,-0.2
confiscate,-0.2
confiscated,-0.2
confiscates,-0.2
confiscating,-0.2
confiscation,-0.2
confiscations,-0.2
conflict,-0.2
conflicted,-0.2
conflicting,-0.2
conflicts,-0.2
confront,-0.2
confrontation,-0.2
confrontational,-0.2
confrontations,-0.2
confronted,-0.2
confronting,-0.2
confronts,-0.2
confuse,-0.2
confused,-0.2
confuses,-0.2
confusing,-0.2
confusingly,-0.2
confusion,-0.2
conspiracies,-0.2
conspiracy,-0.2
conspirator,-0.2
conspiratorial,-0.2
conspirators,-0.2
conspire,-0.2
conspired,-0.2
conspires,-0.2
conspiring,-0.2
contempt,-0.2
contend,-0.2
contended,-0.2
contending,-0.2
contends,-0.2
contention,-0.2
contentions,-0.2
contentious,-0.2
contentiously,-0.2
contested,-0.2
contesting,-0.2
contraction,-0.2
contractions,-0.2
contradict,-0.2
contradicted,-0.2
contradicting,-0.2
contradiction,-0.2
contradictions,-0.2
contradictory,-0.2
contradicts,-0.2
contrary,-0.2
controversial,-0.2
controversies,-0.2
controversy,-0.2
convict,-0.2
convicted,-0.2
convicting,-0.2
conviction,-0.2
convictions,-0.2
corrected,-0.2
correcting,-0.2
correction,-0.2
corrections,-0.2
corrects,-0.2
corrupt,-0.2
corrupted,-0.2
corrupting,-0.2
corruption,-0.2
corruptions,-0.2
corruptly,-0.2
corruptness,-0.2
costly,-0.2
counterclaim,-0.2
counterclaimed,-0.2
counterclaiming,-0.2
counterclaims,-0.2
counterfeit,-0.2
counterfeited,-0.2
counterfeiter,-0.2
counterfeiters,-0.2
counterfeiting,-0.2
counterfeits,-0.2
countermeasure,-0.2
countermeasures,-0.2
crime,-0.2
crimes,-0.2
criminal,-0.2
criminally,-0.2
criminals,-0.2
crises,-0.2
crisis,-0.2
critical,-0.2
critically,-0.2
criticism,-0.2
criticisms,-0.2
criticize,-0.2
criticized,-0.2
criticizes,-0.2
criticizing,-0.2
crucial,-0.2
crucially,-0.2
culpability,-0.2
culpable,-0.2
culpably,-0.2
cumbersome,-0.2
curtail,-0.2
curtailed,-0.2
curtailing,-0.2
curtailment,-0.2
curtailments,-0.2
curtails,-0.2
cut,-0.2
cutback,-0.2
cutbacks,-0.2
cyberattack,-0.2
cyberattacks,-0.2
cyberbullying,-0.2
cybercrime,-0.2
cybercrimes,-0.2
cybercriminal,-0.2
cybercriminals,-0.2
damage,-0.2
damaged,-0.2
damages,-0.2
damaging,-0.2
dampen,-0.2
dampened,-0.2
danger,-0.2
dangerous,-0.2
dangerously,-0.2
dangers,-0.2
deadlock,-0.2
deadlocked,-0.2
deadlocking,-0.2
deadlocks,-0.2
deadweight,-0.2
deadweights,-0.2
debarment,-0.2
debarments,-0.2
debarred,-0.2
deceased,-0.2
deceit,-0.2
deceitful,-0.2
deceitfulness,-0.2
deceive,-0.2
deceived,-0.2
deceives,-0.2
deceiving,-0.2
deception,-0.2
deceptions,-0.2
deceptive,-0.2
deceptively,-0.2
decline,-0.2
declined,-0.2
declines,-0.2
declining,-0.2
deface,-0.2
defaced,-0.2
defacement,-0.2
defamation,-0.2
defamations,-0.2
defamatory,-0.2
defame,-0.2
defamed,-0.2
defames,-0.2
defaming,-0.2
default,-0.2
defaulted,-0.2
defaulting,-0.2
defaults,-0.2
defeat,-0.2
defeated,-0.2
defeating,-0.2
defeats,-0.2
defect,-0.2
defective,-0.2
defects,-0.2
defend,-0.2
defendant,-0.2
defendants,-0.2
defended,-0.2
defending,-0.2
defends,-0.2
defensive,-0.2
defer,-0.2
deficiencies,-0.2
deficiency,-0.2
deficient,-0.2
deficit,-0.2
deficits,-0.2
defraud,-0.2
defrauded,-0.2
defrauding,-0.2
defrauds,-0.2
defunct,-0.2
degradation,-0.2
degradations,-0.2
degrade,-0.2
degraded,-0.2
degrades,-0.2
degrading,-0.2
delay,-0.2
delayed,-0.2
delaying,-0.2
delays,-0.2
deleterious,-0.2
deliberate,-0.2
deliberated,-0.2
deliberately,-0.2
delinquencies,-0.2
delinquency,-0.2
delinquent,-0.2
delinquently,-0.2
delinquents,-0.2
delist,-0.2
delisted,-0.2
delisting,-0.2
delists,-0.2
demise,-0.2
demised,-0.2
demises,-0.2
demising,-0.2
demolish,-0.2
demolished,-0.2
demolishes,-0.2
demolishing,-0.2
demolition,-0.2
demolitions,-0.2
demote,-0.2
demoted,-0.2
demotes,-0.2
demoting,-0.2
demotion,-0.2
demotions,-0.2
denial,-0.2
denials,-0.2
denied,-0.2
denies,-0.2
denigrate,-0.2
denigrated,-0.2
denigrates,-0.2
denigrating,-0.2
denigration,-0.2
deny,-0.2
denying,-0.2
deplete,-0.2
depleted,-0.2
depletes,-0.2
depleting,-0.2
depletion,-0.2
depletions,-0.2
deprecation,-0.2
depress,-0.2
depressed,-0.2
depresses,-0.2
depressing,-0.2
deprivation,-0.2
deprive,-0.2
deprived,-0.2
deprives,-0.2
depriving,-0.2
derelict,-0.2
dereliction,-0.2
derogatory,-0.2
destabilization,-0.2
destabilize,-0.2
destabilized,-0.2
destabilizing,-0.2
destroy,-0.2
destroyed,-0.2
destroying,-0.2
destroys,-0.2
destruction,-0.2
destructive,-0.2
detain,-0.2
detained,-0.2
detention,-0.2
detentions,-0.2
deter,-0.2
deteriorate,-0.2
deteriorated,-0.2
deteriorates,-0.2
deteriorating,-0.2
deterioration,-0.2
deteriorations,-0.2
deterred,-0.2
deterrence,-0.2
deterrences,-0.2
deterrent,-0.2
deterrents,-0.2
deterring,-0.2
deters,-0.2
detract,-0.2
detracted,-0.2
detracting,-0.2
detriment,-0.2
detrimental,-0.2
detrimentally,-0.2
detriments,-0.2
devalue,-0.2
devalued,-0.2
devalues,-0.2
devaluing,-0.2
devastate,-0.2
devastated,-0.2
devastating,-0.2
devastation,-0.2
deviate,-0.2
deviated,-0.2
deviates,-0.2
deviating,-0.2
deviation,-0.2
deviations,-0.2
devolve,-0.2
devolved,-0.2
devolves,-0.2
devolving,-0.2
difficult,-0.2
difficulties,-0.2
difficultly,-0.2
difficulty,-0.2
diminish,-0.2
diminished,-0.2
diminishes,-0.2
diminishing,-0.2
diminution,-0.2
disadvantage,-0.2
disadvantaged,-0.2
disadvantageous,-0.2
disadvantages,-0.2
disaffiliation,-0.2
disagree,-0.2
disagreeable,-0.2
disagreed,-0.2
disagreeing,-0.2
disagreement,-0.2
disagreements,-0.2
disagrees,-0.2
disallow,-0.2
disallowance,-0.2
disallowances,-0.2
disallowed,-0.2
disallowing,-0.2
disallows,-0.2
disappear,-0.2
disappearance,-0.2
disappearances,-0.2
disappeared,-0.2
disappearing,-0.2
disappears,-0.2
disappoint,-0.2
disappointed,-0.2
disappointing,-0.2
disappointingly,-0.2
disappointment,-0.2
disappointments,-0.2
disappoints,-0.2
disapproval,-0.2
disapprovals,-0.2
disapprove,-0.2
disapproved,-0.2
disapproves,-0.2
disapproving,-0.2
disassociates,-0.2
disassociating,-0.2
disassociation,-0.2
disassociations,-0.2
disaster,-0.2
disasters,-0.2
disastrous,-0.2
disastrously,-0.2
disavow,-0.2
disavowal,-0.2
disavowed,-0.2
disavowing,-0.2
disavows,-0.2
disciplinary,-0.2
disclaim,-0.2
disclaimed,-0.2
disclaimer,-0.2
disclaimers,-0.2
disclaiming,-0.2
disclaims,-0.2
disclose,-0.2
disclosed,-0.2
discloses,-0.2
disclosing,-0.2
discontinuance,-0.2
discontinuances,-0.2
discontinuation,-0.2
discontinuations,-0.2
discontinue,-0.2
discontinued,-0.2
discontinues,-0.2
discontinuing,-0.2
discourage,-0.2
discouraged,-0.2
discourages,-0.2
discouraging,-0.2
discredit,-0.2
discredited,-0.2
discrediting,-0.2
discredits,-0.2
discrepancies,-0.2
discrepancy,-0.2
disfavor,-0.2
disfavored,-0.2
disfavoring,-0.2
disfavors,-0.2
disgorge,-0.2
disgorged,-0.2
disgorgement,-0.2
disgorgements,-0.2
disgorges,-0.2
disgorging,-0.2
disgrace,-0.2
disgraceful,-0.2
disgracefully,-0.2
dishonest,-0.2
dishonestly,-0.2
dishonesty,-0.2
dishonor,-0.2
dishonorable,-0.2
dishonorably,-0.2
dishonored,-0.2
dishonoring,-0.2
dishonors,-0.2
disincentives,-0.2
disinterested,-0.2
disinterestedly,-0.2
disinterestedness,-0.2
disloyal,-0.2
disloyally,-0.2
disloyalty,-0.2
dismal,-0.2
dismally,-0.2
dismiss,-0.2
dismissal,-0.2
dismissals,-0.2
dismissed,-0.2
dismisses,-0.2
dismissing,-0.2
disorderly,-0.2
disparage,-0.2
disparaged,-0.2
disparagement,-0.2
disparagements,-0.2
disparages,-0.2
disparaging,-0.2
disparagingly,-0.2
disparities,-0.2
disparity,-0.2
displace,-0.2
displaced,-0.2
displacement,-0.2
displacements,-0.2
displaces,-0.2
displacing,-0.2
dispose,-0.2
dispossess,-0.2
dispossessed,-0.2
dispossesses,-0.2
dispossessing,-0.2
disproportion,-0.2
disproportional,-0.2
disproportionate,-0.2
disproportionately,-0.2
dispute,-0.2
disputed,-0.2
disputes,-0.2
disputing,-0.2
disqualification,-0.2
disqualifications,-0.2
disqualified,-0.2
disqualifies,-0.2
disqualify,-0.2
disqualifying,-0.2
disregard,-0.2
disregarded,-0.2
disregarding,-0.2
disregards,-0.2
disreputable,-0.2
disrepute,-0.2
disrupt,-0.2
disrupted,-0.2
disrupting,-0.2
disruption,-0.2
disruptions,-0.2
disruptive,-0.2
disrupts,-0.2
dissatisfaction,-0.2
dissatisfied,-0.2
dissent,-0.2
dissented,-0.2
dissenter,-0.2
dissenters,-0.2
dissenting,-0.2
dissents,-0.2
dissident,-0.2
dissidents,-0.2
dissolution,-0.2
dissolutions,-0.2
distort,-0.2
distorted,-0.2
distorting,-0.2
distortion,-0.2
distortions,-0.2
distorts,-0.2
distract,-0.2
distracted,-0.2
distracting,-0.2
distraction,-0.2
distractions,-0.2
distracts,-0.2
distress,-0.2
distressed,-0.2
disturb,-0.2
disturbance,-0.2
disturbances,-0.2
disturbed,-0.2
disturbing,-0.2
disturbs,-0.2
diversion,-0.2
divert,-0.2
diverted,-0.2
diverting,-0.2
diverts,-0.2
divest,-0.2
divested,-0.2
divesting,-0.2
divestiture,-0.2
divestitures,-0.2
divestment,-0.2
divestments,-0.2
divests,-0.2
divorce,-0.2
divorced,-0.2
divulge,-0.2
divulged,-0.2
divulges,-0.2
divulging,-0.2
doubt,-0.2
doubted,-0.2
doubtful,-0.2
doubts,-0.2
downgrade,-0.2
downgraded,-0.2
downgrades,-0.2
downgrading,-0.2
downsize,-0.2
downsized,-0.2
downsizes,-0.2
downsizing,-0.2
downsizings,-0.2
downtime,-0.2
downtimes,-0.2
downturn,-0.2
downturns,-0.2
downward,-0.2
downwards,-0.2
drag,-0.2
drastic,-0.2
drastically,-0.2
drawback,-0.2
drawbacks,-0.2
dropped,-0.2
drought,-0.2
droughts,-0.2
duress,-0.2
dysfunction,-0.2
dysfunctional,-0.2
dysfunctions,-0.2
easing,-0.2
egregious,-0.2
egregiously,-0.2
embargo,-0.2
embargoed,-0.2
embargoes,-0.2
embargoing,-0.2
embarrass,-0.2
embarrassed,-0.2
embarrasses,-0.2
embarrassing,-0.2
embarrassment,-0.2
embarrassments,-0.2
embezzle,-0.2
embezzled,-0.2
embezzlement,-0.2
embezzlements,-0.2
embezzler,-0.2
embezzles,-0.2
embezzling,-0.2
encroach,-0.2
encroached,-0.2
encroaches,-0.2
encroaching,-0.2
encroachment,-0.2
encroachments,-0.2
encumber,-0.2
encumbered,-0.2
encumbering,-0.2
encumbers,-0.2
encumbrance,-0.2
encumbrances,-0.2
endanger,-0.2
endangered,-0.2
endangering,-0.2
endangerment,-0.2
endangers,-0.2
enjoin,-0.2
enjoined,-0.2
enjoining,-0.2
enjoins,-0.2
erode,-0.2
eroded,-0.2
erodes,-0.2
eroding,-0.2
erosion,-0.2
erratic,-0.2
erratically,-0.2
erred,-0.2
erring,-0.2
erroneous,-0.2
erroneously,-0.2
error,-0.2
errors,-0.2
errs,-0.2
escalate,-0.2
escalated,-0.2
escalates,-0.2
escalating,-0.2
evade,-0.2
evaded,-0.2
evades,-0.2
evading,-0.2
evasion,-0.2
evasions,-0.2
evasive,-0.2
evict,-0.2
evicted,-0.2
evicting,-0.2
eviction,-0.2
evictions,-0.2
evicts,-0.2
exacerbate,-0.2
exacerbated,-0.2
exacerbates,-0.2
exacerbating,-0.2
exacerbation,-0.2
exacerbations,-0.2
exaggerate,-0.2
exaggerated,-0.2
exaggerates,-0.2
exaggerating,-0.2
exaggeration,-0.2
excessive,-0.2
excessively,-0.2
exculpate,-0.2
exculpated,-0.2
exculpates,-0.2
exculpating,-0.2
exculpation,-0.2
exculpations,-0.2
exculpatory,-0.2
exonerate,-0.2
exonerated,-0.2
exonerates,-0.2
exonerating,-0.2
exoneration,-0.2
exonerations,-0.2
exploit,-0.2
exploitation,-0.2
exploitations,-0.2
exploitative,-0.2
exploited,-0.2
exploiting,-0.2
exploits,-0.2
expose,-0.2
exposed,-0.2
exposes,-0.2
exposing,-0.2
expropriate,-0.2
expropriated,-0.2
expropriates,-0.2
expropriating,-0.2
expropriation,-0.2
expropriations,-0.2
expulsion,-0.2
expulsions,-0.2
extenuating,-0.2
fail,-0.2
failed,-0.2
failing,-0.2
failings,-0.2
fails,-0.2
failure,-0.2
failures,-0.2
fallout,-0.2
,-0.2
falsely,-0.2
falsification,-0.2
falsifications,-0.2
falsified,-0.2
falsifies,-0.2
falsify,-0.2
falsifying,-0.2
falsity,-0.2
fatalities,-0.2
fatality,-0.2
fatally,-0.2
fault,-0.2
faulted,-0.2
faults,-0.2
faulty,-0.2
fear,-0.2
fears,-0.2
felonies,-0.2
felonious,-0.2
felony,-0.2
fictitious,-0.2
fined,-0.2
fines,-0.2
fired,-0.2
firing,-0.2
flaw,-0.2
flawed,-0.2
flaws,-0.2
forbid,-0.2
forbidden,-0.2
forbidding,-0.2
forbids,-0.2
force,-0.2
forced,-0.2
forcing,-0.2
foreclose,-0.2
foreclosed,-0.2
forecloses,-0.2
foreclosing,-0.2
foreclosure,-0.2
foreclosures,-0.2
forego,-0.2
foregoes,-0.2
foregone,-0.2
forestall,-0.2
forestalled,-0.2
forestalling,-0.2
forestalls,-0.2
forfeit,-0.2
forfeited,-0.2
forfeiting,-0.2
forfeits,-0.2
forfeiture,-0.2
forfeitures,-0.2
forgers,-0.2
forgery,-0.2
fraud,-0.2
frauds,-0.2
fraudulence,-0.2
fraudulent,-0.2
fraudulently,-0.2
frivolous,-0.2
frivolously,-0.2
frustrate,-0.2
frustrated,-0.2
frustrates,-0.2
frustrating,-0.2
frustratingly,-0.2
frustration,-0.2
frustrations,-0.2
fugitive,-0.2
fugitives,-0.2
gratuitous,-0.2
gratuitously,-0.2
grievance,-0.2
grievances,-0.2
grossly,-0.2
groundless,-0.2
guilty,-0.2
halt,-0.2
halted,-0.2
hamper,-0.2
hampered,-0.2
hampering,-0.2
hampers,-0.2
harass,-0.2
harassed,-0.2
harassing,-0.2
harassment,-0.2
hardship,-0.2
hardships,-0.2
harm,-0.2
harmed,-0.2
harmful,-0.2
harmfully,-0.2
harming,-0.2
harms,-0.2
harsh,-0.2
harsher,-0.2
harshest,-0.2
harshly,-0.2
harshness,-0.2
hazard,-0.2
hazardous,-0.2
hazards,-0.2
hinder,-0.2
hindered,-0.2
hindering,-0.2
hinders,-0.2
hindrance,-0.2
hindrances,-0.2
hostile,-0.2
hostility,-0.2
hurt,-0.2
hurting,-0.2
idle,-0.2
idled,-0.2
idling,-0.2
ignore,-0.2
ignored,-0.2
ignores,-0.2
ignoring,-0.2
ill,-0.2
illegal,-0.2
illegalities,-0.2
illegality,-0.2
illegally,-0.2
illegible,-0.2
illicit,-0.2
illicitly,-0.2
illiquid,-0.2
illiquidity,-0.2
imbalance,-0.2
imbalances,-0.2
immature,-0.2
immoral,-0.2
impair,-0.2
impaired,-0.2
impairing,-0.2
impairment,-0.2
impairments,-0.2
impairs,-0.2
impasse,-0.2
impasses,-0.2
impede,-0.2
impeded,-0.2
impedes,-0.2
impediment,-0.2
impediments,-0.2
impeding,-0.2
impending,-0.2
imperative,-0.2
imperfection,-0.2
imperfections,-0.2
imperil,-0.2
impermissible,-0.2
implicate,-0.2
implicated,-0.2
implicates,-0.2
implicating,-0.2
impossibility,-0.2
impossible,-0.2
impound,-0.2
impounded,-0.2
impounding,-0.2
impounds,-0.2
impracticable,-0.2
impractical,-0.2
impracticalities,-0.2
impracticality,-0.2
imprisonment,-0.2
improper,-0.2
improperly,-0.2
improprieties,-0.2
impropriety,-0.2
imprudent,-0.2
imprudently,-0.2
inability,-0.2
inaccessible,-0.2
inaccuracies,-0.2
inaccuracy,-0.2
inaccurate,-0.2
inaccurately,-0.2
inaction,-0.2
inactions,-0.2
inactivate,-0.2
inactivated,-0.2
inactivates,-0.2
inactivating,-0.2
inactivation,-0.2
inactivations,-0.2
inactivity,-0.2
inadequacies,-0.2
inadequacy,-0.2
inadequate,-0.2
inadequately,-0.2
inadvertent,-0.2
inadvertently,-0.2
inadvisability,-0.2
inadvisable,-0.2
inappropriate,-0.2
inappropriately,-0.2
inattention,-0.2
incapable,-0.2
incapacitated,-0.2
incapacity,-0.2
incarcerate,-0.2
incarcerated,-0.2
incarcerates,-0.2
incarcerating,-0.2
incarceration,-0.2
incarcerations,-0.2
incidence,-0.2
incidences,-0.2
incident,-0.2
incidents,-0.2
incompatibilities,-0.2
incompatibility,-0.2
incompatible,-0.2
incompetence,-0.2
incompetency,-0.2
incompetent,-0.2
incompetently,-0.2
incompetents,-0.2
incomplete,-0.2
incompletely,-0.2
incompleteness,-0.2
inconclusive,-0.2
inconsistencies,-0.2
inconsistency,-0.2
inconsistent,-0.2
inconsistently,-0.2
inconvenience,-0.2
inconveniences,-0.2
inconvenient,-0.2
incorrect,-0.2
incorrectly,-0.2
incorrectness,-0.2
indecency,-0.2
indecent,-0.2
indefeasible,-0.2
indefeasibly,-0.2
indict,-0.2
indictable,-0.2
indicted,-0.2
indicting,-0.2
indictment,-0.2
indictments,-0.2
ineffective,-0.2
ineffectively,-0.2
ineffectiveness,-0.2
inefficiencies,-0.2
inefficiency,-0.2
inefficient,-0.2
inefficiently,-0.2
ineligibility,-0.2
ineligible,-0.2
inequitable,-0.2
inequitably,-0.2
inequities,-0.2
inequity,-0.2
inevitable,-0.2
inexperience,-0.2
inexperienced,-0.2
inferior,-0.2
inflicted,-0.2
infraction,-0.2
infractions,-0.2
infringe,-0.2
infringed,-0.2
infringement,-0.2
infringements,-0.2
infringes,-0.2
infringing,-0.2
inhibited,-0.2
inimical,-0.2
injunction,-0.2
injunctions,-0.2
injure,-0.2
injured,-0.2
injures,-0.2
injuries,-0.2
injuring,-0.2
injurious,-0.2
injury,-0.2
inordinate,-0.2
inordinately,-0.2
inquiry,-0.2
insecure,-0.2
insensitive,-0.2
insolvencies,-0.2
insolvency,-0.2
insolvent,-0.2
instability,-0.2
insubordination,-0.2
insufficiency,-0.2
insufficient,-0.2
insufficiently,-0.2
insurrection,-0.2
insurrections,-0.2
intentional,-0.2
interfere,-0.2
interfered,-0.2
interference,-0.2
interferences,-0.2
interferes,-0.2
interfering,-0.2
intermittent,-0.2
intermittently,-0.2
interrupt,-0.2
interrupted,-0.2
interrupting,-0.2
interruption,-0.2
interruptions,-0.2
interrupts,-0.2
intimidation,-0.2
intrusion,-0.2
invalid,-0.2
invalidate,-0.2
invalidated,-0.2
invalidates,-0.2
invalidating,-0.2
invalidation,-0.2
invalidity,-0.2
investigate,-0.2
investigated,-0.2
investigates,-0.2
investigating,-0.2
investigation,-0.2
investigations,-0.2
involuntarily,-0.2
involuntary,-0.2
irreconcilable,-0.2
irreconcilably,-0.2
irrecoverable,-0.2
irrecoverably,-0.2
irregular,-0.2
irregularities,-0.2
irregularity,-0.2
irregularly,-0.2
irreparable,-0.2
irreparably,-0.2
irreversible,-0.2
jeopardize,-0.2
jeopardized,-0.2
justifiable,-0.2
kickback,-0.2
kickbacks,-0.2
knowingly,-0.2
lack,-0.2
lacked,-0.2
lacking,-0.2
lackluster,-0.2
lacks,-0.2
lag,-0.2
lagged,-0.2
lagging,-0.2
lags,-0.2
lapse,-0.2
lapsed,-0.2
lapses,-0.2
lapsing,-0.2
late,-0.2
laundering,-0.2
layoff,-0.2
layoffs,-0.2
lie,-0.2
limitation,-0.2
limitations,-0.2
lingering,-0.2
liquidate,-0.2
liquidated,-0.2
liquidates,-0.2
liquidating,-0.2
liquidation,-0.2
liquidations,-0.2
liquidator,-0.2
liquidators,-0.2
litigant,-0.2
litigants,-0.2
litigate,-0.2
litigated,-0.2
litigates,-0.2
litigating,-0.2
litigation,-0.2
litigations,-0.2
lockout,-0.2
lockouts,-0.2
lose,-0.2
loses,-0.2
losing,-0.2
loss,-0.2
losses,-0.2
lost,-0.2
lying,-0.2
malfeasance,-0.2
malfunction,-0.2
malfunctioned,-0.2
malfunctioning,-0.2
malfunctions,-0.2
malice,-0.2
malicious,-0.2
maliciously,-0.2
malpractice,-0.2
manipulate,-0.2
manipulated,-0.2
manipulates,-0.2
manipulating,-0.2
manipulation,-0.2
manipulations,-0.2
manipulative,-0.2
markdown,-0.2
markdowns,-0.2
misapplication,-0.2
misapplications,-0.2
misapplied,-0.2
misapplies,-0.2
misapply,-0.2
misapplying,-0.2
misappropriate,-0.2
misappropriated,-0.2
misappropriates,-0.2
misappropriating,-0.2
misappropriation,-0.2
misappropriations,-0.2
misbranded,-0.2
miscalculate,-0.2
miscalculated,-0.2
miscalculates,-0.2
miscalculating,-0.2
miscalculation,-0.2
miscalculations,-0.2
mischaracterization,-0.2
mischief,-0.2
misclassification,-0.2
misclassifications,-0.2
misclassified,-0.2
misclassify,-0.2
miscommunication,-0.2
misconduct,-0.2
misdated,-0.2
misdemeanor,-0.2
misdemeanors,-0.2
misdirected,-0.2
mishandle,-0.2
mishandled,-0.2
mishandles,-0.2
mishandling,-0.2
misinform,-0.2
misinformation,-0.2
misinformed,-0.2
misinforming,-0.2
misinforms,-0.2
misinterpret,-0.2
misinterpretation,-0.2
misinterpretations,-0.2
misinterpreted,-0.2
misinterpreting,-0.2
misinterprets,-0.2
misjudge,-0.2
misjudged,-0.2
misjudges,-0.2
misjudging,-0.2
misjudgment,-0.2
misjudgments,-0.2
mislabel,-0.2
mislabeled,-0.2
mislabeling,-0.2
mislabelled,-0.2
mislabels,-0.2
mislead,-0.2
misleading,-0.2
misleadingly,-0.2
misleads,-0.2
misled,-0.2
mismanage,-0.2
mismanaged,-0.2
mismanagement,-0.2
mismanages,-0.2
mismanaging,-0.2
mismatch,-0.2
mismatched,-0.2
mismatches,-0.2
mismatching,-0.2
misplaced,-0.2
misprice,-0.2
mispricing,-0.2
mispricings,-0.2
misrepresent,-0.2
misrepresentation,-0.2
misrepresentations,-0.2
misrepresented,-0.2
misrepresenting,-0.2
misrepresents,-0.2
miss,-0.2
missed,-0.2
misses,-0.2
misstate,-0.2
misstated,-0.2
misstatement,-0.2
misstatements,-0.2
misstates,-0.2
misstating,-0.2
misstep,-0.2
missteps,-0.2
mistake,-0.2
mistaken,-0.2
mistakenly,-0.2
mistakes,-0.2
mistaking,-0.2
mistrial,-0.2
mistrials,-0.2
misunderstand,-0.2
misunderstanding,-0.2
misunderstandings,-0.2
misunderstood,-0.2
misuse,-0.2
misused,-0.2
misuses,-0.2
misusing,-0.2
monopolistic,-0.2
monopolists,-0.2
monopolization,-0.2
monopolize,-0.2
monopolized,-0.2
monopolizes,-0.2
monopolizing,-0.2
monopoly,-0.2
moratoria,-0.2
moratorium,-0.2
moratoriums,-0.2
mothballed,-0.2
mothballing,-0.2
negative,-0.2
negatively,-0.2
negatives,-0.2
neglect,-0.2
neglected,-0.2
neglectful,-0.2
neglecting,-0.2
neglects,-0.2
negligence,-0.2
negligences,-0.2
negligent,-0.2
negligently,-0.2
nonattainment,-0.2
noncompetitive,-0.2
noncompliance,-0.2
noncompliances,-0.2
noncompliant,-0.2
noncomplying,-0.2
nonconforming,-0.2
nonconformities,-0.2
nonconformity,-0.2
nondisclosure,-0.2
nonfunctional,-0.2
nonpayment,-0.2
nonpayments,-0.2
nonperformance,-0.2
nonperformances,-0.2
nonperforming,-0.2
nonproducing,-0.2
nonproductive,-0.2
nonrecoverable,-0.2
nonrenewal,-0.2
nuisance,-0.2
nuisances,-0.2
nullification,-0.2
nullifications,-0.2
nullified,-0.2
nullifies,-0.2
nullify,-0.2
nullifying,-0.2
objected,-0.2
objecting,-0.2
objection,-0.2
objectionable,-0.2
objectionably,-0.2
objections,-0.2
obscene,-0.2
obscenity,-0.2
obsolescence,-0.2
obsolete,-0.2
obstacle,-0.2
obstacles,-0.2
obstruct,-0.2
obstructed,-0.2
obstructing,-0.2
obstruction,-0.2
obstructions,-0.2
offence,-0.2
offences,-0.2
offend,-0.2
offended,-0.2
offender,-0.2
offenders,-0.2
offending,-0.2
offends,-0.2
omission,-0.2
omissions,-0.2
omit,-0.2
omits,-0.2
omitted,-0.2
omitting,-0.2
onerous,-0.2
opportunistic,-0.2
opportunistically,-0.2
oppose,-0.2
opposed,-0.2
opposes,-0.2
opposing,-0.2
opposition,-0.2
oppositions,-0.2
outage,-0.2
outages,-0.2
outdated,-0.2
outmoded,-0.2
overage,-0.2
overages,-0.2
overbuild,-0.2
overbuilding,-0.2
overbuilds,-0.2
overbuilt,-0.2
overburden,-0.2
overburdened,-0.2
overburdening,-0.2
overcapacities,-0.2
overcapacity,-0.2
overcharge,-0.2
overcharged,-0.2
overcharges,-0.2
overcharging,-0.2
overcome,-0.2
overcomes,-0.2
overcoming,-0.2
overdue,-0.2
overestimate,-0.2
overestimated,-0.2
overestimates,-0.2
overestimating,-0.2
overestimation,-0.2
overestimations,-0.2
overload,-0.2
overloaded,-0.2
overloading,-0.2
overloads,-0.2
overlook,-0.2
overlooked,-0.2
overlooking,-0.2
overlooks,-0.2
overpaid,-0.2
overpayment,-0.2
overpayments,-0.2
overproduced,-0.2
overproduces,-0.2
overproducing,-0.2
overproduction,-0.2
overrun,-0.2
overrunning,-0.2
overruns,-0.2
overshadow,-0.2
overshadowed,-0.2
overshadowing,-0.2
overshadows,-0.2
overstate,-0.2
overstated,-0.2
overstatement,-0.2
overstatements,-0.2
overstates,-0.2
overstating,-0.2
oversupplied,-0.2
oversupplies,-0.2
oversupply,-0.2
oversupplying,-0.2
overtly,-0.2
overturn,-0.2
overturned,-0.2
overturning,-0.2
overturns,-0.2
overvalue,-0.2
overvalued,-0.2
overvaluing,-0.2
panic,-0.2
panics,-0.2
penalize,-0.2
penalized,-0.2
penalizes,-0.2
penalizing,-0.2
penalties,-0.2
penalty,-0.2
peril,-0.2
perils,-0.2
perjury,-0.2
perpetrate,-0.2
perpetrated,-0.2
perpetrates,-0.2
perpetrating,-0.2
perpetration,-0.2
persist,-0.2
persisted,-0.2
persistence,-0.2
persistent,-0.2
persistently,-0.2
persisting,-0.2
persists,-0.2
pervasive,-0.2
pervasively,-0.2
pervasiveness,-0.2
petty,-0.2
picket,-0.2
picketed,-0.2
picketing,-0.2
plaintiff,-0.2
plaintiffs,-0.2
plea,-0.2
plead,-0.2
pleaded,-0.2
pleading,-0.2
pleadings,-0.2
pleads,-0.2
pleas,-0.2
pled,-0.2
poor,-0.2
poorly,-0.2
poses,-0.2
posing,-0.2
postpone,-0.2
postponed,-0.2
postponement,-0.2
postponements,-0.2
postpones,-0.2
postponing,-0.2
precipitated,-0.2
precipitous,-0.2
precipitously,-0.2
preclude,-0.2
precluded,-0.2
precludes,-0.2
precluding,-0.2
predatory,-0.2
prejudice,-0.2
prejudiced,-0.2
prejudices,-0.2
prejudicial,-0.2
prejudicing,-0.2
premature,-0.2
prematurely,-0.2
pressing,-0.2
pretrial,-0.2
preventing,-0.2
prevention,-0.2
prevents,-0.2
problem,-0.2
problematic,-0.2
problematical,-0.2
problems,-0.2
prolong,-0.2
prolongation,-0.2
prolongations,-0.2
prolonged,-0.2
prolonging,-0.2
prolongs,-0.2
prone,-0.2
prosecute,-0.2
prosecuted,-0.2
prosecutes,-0.2
prosecuting,-0.2
prosecution,-0.2
prosecutions,-0.2
protest,-0.2
protested,-0.2
protester,-0.2
protesters,-0.2
protesting,-0.2
protestor,-0.2
protestors,-0.2
protests,-0.2
protracted,-0.2
protraction,-0.2
provoke,-0.2
provoked,-0.2
provokes,-0.2
provoking,-0.2
punished,-0.2
punishes,-0.2
punishing,-0.2
punishment,-0.2
punishments,-0.2
punitive,-0.2
purport,-0.2
purported,-0.2
purportedly,-0.2
purporting,-0.2
purports,-0.2
question,-0.2
questionable,-0.2
questionably,-0.2
questioned,-0.2
questioning,-0.2
questions,-0.2
quit,-0.2
quitting,-0.2
racketeer,-0.2
racketeering,-0.2
rationalization,-0.2
rationalizations,-0.2
rationalize,-0.2
rationalized,-0.2
rationalizes,-0.2
rationalizing,-0.2
reassessment,-0.2
reassessments,-0.2
reassign,-0.2
reassigned,-0.2
reassigning,-0.2
reassignment,-0.2
reassignments,-0.2
reassigns,-0.2
recall,-0.2
recalled,-0.2
recalling,-0.2
recalls,-0.2
recession,-0.2
recessionary,-0.2
recessions,-0.2
reckless,-0.2
recklessly,-0.2
recklessness,-0.2
redact,-0.2
redacted,-0.2
redacting,-0.2
redaction,-0.2
redactions,-0.2
redefault,-0.2
redefaulted,-0.2
redefaults,-0.2
redress,-0.2
redressed,-0.2
redresses,-0.2
redressing,-0.2
refusal,-0.2
refusals,-0.2
refuse,-0.2
refused,-0.2
refuses,-0.2
refusing,-0.2
reject,-0.2
rejected,-0.2
rejecting,-0.2
rejection,-0.2
rejections,-0.2
rejects,-0.2
relinquish,-0.2
relinquished,-0.2
relinquishes,-0.2
relinquishing,-0.2
relinquishment,-0.2
relinquishments,-0.2
reluctance,-0.2
reluctant,-0.2
renegotiate,-0.2
renegotiated,-0.2
renegotiates,-0.2
renegotiating,-0.2
renegotiation,-0.2
renegotiations,-0.2
renounce,-0.2
renounced,-0.2
renouncement,-0.2
renouncements,-0.2
renounces,-0.2
renouncing,-0.2
reparation,-0.2
reparations,-0.2
repossessed,-0.2
repossesses,-0.2
repossessing,-0.2
repossession,-0.2
repossessions,-0.2
repudiate,-0.2
repudiated,-0.2
repudiates,-0.2
repudiating,-0.2
repudiation,-0.2
repudiations,-0.2
resign,-0.2
resignation,-0.2
resignations,-0.2
resigned,-0.2
resigning,-0.2
resigns,-0.2
restate,-0.2
restated,-0.2
restatement,-0.2
restatements,-0.2
restates,-0.2
restating,-0.2
restructure,-0.2
restructured,-0.2
restructures,-0.2
restructuring,-0.2
restructurings,-0.2
retaliate,-0.2
retaliated,-0.2
retaliates,-0.2
retaliating,-0.2
retaliation,-0.2
retaliations,-0.2
retaliatory,-0.2
retribution,-0.2
retributions,-0.2
revocation,-0.2
revocations,-0.2
revoke,-0.2
revoked,-0.2
revokes,-0.2
revoking,-0.2
ridicule,-0.2
ridiculed,-0.2
ridicules,-0.2
ridiculing,-0.2
riskier,-0.2
riskiest,-0.2
risky,-0.2
sabotage,-0.2
sacrifice,-0.2
sacrificed,-0.2
sacrifices,-0.2
sacrificial,-0.2
sacrificing,-0.2
scandalous,-0.2
scandals,-0.2
scrutinize,-0.2
scrutinized,-0.2
scrutinizes,-0.2
scrutinizing,-0.2
scrutiny,-0.2
secrecy,-0.2
seize,-0.2
seized,-0.2
seizes,-0.2
seizing,-0.2
sentenced,-0.2
sentencing,-0.2
serious,-0.2
seriously,-0.2
seriousness,-0.2
setback,-0.2
setbacks,-0.2
sever,-0.2
severe,-0.2
severed,-0.2
severely,-0.2
severities,-0.2
severity,-0.2
sharply,-0.2
shocked,-0.2
shortage,-0.2
shortages,-0.2
shortfall,-0.2
shortfalls,-0.2
shrinkage,-0.2
shrinkages,-0.2
shut,-0.2
shutdown,-0.2
shutdowns,-0.2
shuts,-0.2
shutting,-0.2
slander,-0.2
slandered,-0.2
slanderous,-0.2
slanders,-0.2
slippage,-0.2
slippages,-0.2
slow,-0.2
slowdown,-0.2
slowdowns,-0.2
slowed,-0.2
slower,-0.2
slowest,-0.2
slowing,-0.2
slowly,-0.2
slowness,-0.2
sluggish,-0.2
sluggishly,-0.2
sluggishness,-0.2
solvencies,-0.2
solvency,-0.2
spam,-0.2
spammers,-0.2
spamming,-0.2
staggering,-0.2
stagnant,-0.2
stagnate,-0.2
stagnated,-0.2
stagnates,-0.2
stagnating,-0.2
stagnation,-0.2
standstill,-0.2
standstills,-0.2
stolen,-0.2
stoppage,-0.2
stoppages,-0.2
stopped,-0.2
stopping,-0.2
stops,-0.2
strain,-0.2
strained,-0.2
straining,-0.2
strains,-0.2
stress,-0.2
stressed,-0.2
stresses,-0.2
stressful,-0.2
stressing,-0.2
stringent,-0.2
subjected,-0.2
subjecting,-0.2
subjection,-0.2
subpoena,-0.2
subpoenaed,-0.2
subpoenas,-0.2
substandard,-0.2
sue,-0.2
sued,-0.2
sues,-0.2
suffer,-0.2
suffered,-0.2
suffering,-0.2
suffers,-0.2
suing,-0.2
summoned,-0.2
summoning,-0.2
summons,-0.2
summonses,-0.2
susceptibility,-0.2
susceptible,-0.2
suspect,-0.2
suspected,-0.2
suspects,-0.2
suspend,-0.2
suspended,-0.2
suspending,-0.2
suspends,-0.2
suspension,-0.2
suspensions,-0.2
suspicion,-0.2
suspicions,-0.2
suspicious,-0.2
suspiciously,-0.2
taint,-0.2
tainted,-0.2
tainting,-0.2
taints,-0.2
tampered,-0.2
tense,-0.2
terminate,-0.2
terminated,-0.2
terminates,-0.2
terminating,-0.2
termination,-0.2
terminations,-0.2
testify,-0.2
testifying,-0.2
threat,-0.2
threaten,-0.2
threatened,-0.2
threatening,-0.2
threatens,-0.2
threats,-0.2
tightening,-0.2
tolerate,-0.2
tolerated,-0.2
tolerates,-0.2
tolerating,-0.2
toleration,-0.2
tortuous,-0.2
tortuously,-0.2
tragedies,-0.2
tragedy,-0.2
tragic,-0.2
tragically,-0.2
traumatic,-0.2
trouble,-0.2
troubled,-0.2
troubles,-0.2
turbulence,-0.2
turmoil,-0.2
unable,-0.2
unacceptable,-0.2
unacceptably,-0.2
unaccounted,-0.2
unannounced,-0.2
unanticipated,-0.2
unapproved,-0.2
unattractive,-0.2
unauthorized,-0.2
unavailability,-0.2
unavailable,-0.2
unavoidable,-0.2
unavoidably,-0.2
unaware,-0.2
uncollectable,-0.2
uncollected,-0.2
uncollectibility,-0.2
uncollectible,-0.2
uncollectibles,-0.2
uncompetitive,-0.2
uncompleted,-0.2
unconscionable,-0.2
unconscionably,-0.2
uncontrollable,-0.2
uncontrollably,-0.2
uncontrolled,-0.2
uncorrected,-0.2
uncover,-0.2
uncovered,-0.2
uncovering,-0.2
uncovers,-0.2
undeliverable,-0.2
undelivered,-0.2
undercapitalized,-0.2
undercut,-0.2
undercuts,-0.2
undercutting,-0.2
underestimate,-0.2
underestimated,-0.2
underestimates,-0.2
underestimating,-0.2
underestimation,-0.2
underfunded,-0.2
underinsured,-0.2
undermine,-0.2
undermined,-0.2
undermines,-0.2
undermining,-0.2
underpaid,-0.2
underpayment,-0.2
underpayments,-0.2
underpays,-0.2
underperform,-0.2
underperformance,-0.2
underperformed,-0.2
underperforming,-0.2
underperforms,-0.2
underproduced,-0.2
underproduction,-0.2
underreporting,-0.2
understate,-0.2
understated,-0.2
understatement,-0.2
understatements,-0.2
understates,-0.2
understating,-0.2
underutilization,-0.2
underutilized,-0.2
undesirable,-0.2
undesired,-0.2
undetected,-0.2
undetermined,-0.2
undisclosed,-0.2
undocumented,-0.2
undue,-0.2
unduly,-0.2
uneconomic,-0.2
uneconomical,-0.2
uneconomically,-0.2
unemployed,-0.2
unemployment,-0.2
unethical,-0.2
unethically,-0.2
unexcused,-0.2
unexpected,-0.2
unexpectedly,-0.2
unfair,-0.2
unfairly,-0.2
unfavorability,-0.2
unfavorable,-0.2
unfavorably,-0.2
unfavourable,-0.2
unfeasible,-0.2
unfit,-0.2
unfitness,-0.2
unforeseeable,-0.2
unforeseen,-0.2
unforseen,-0.2
unfortunate,-0.2
unfortunately,-0.2
unfounded,-0.2
unfriendly,-0.2
unfulfilled,-0.2
unfunded,-0.2
uninsured,-0.2
unintended,-0.2
unintentional,-0.2
unintentionally,-0.2
unjust,-0.2
unjustifiable,-0.2
unjustifiably,-0.2
unjustified,-0.2
unjustly,-0.2
unknowing,-0.2
unknowingly,-0.2
unlawful,-0.2
unlawfully,-0.2
unlicensed,-0.2
unliquidated,-0.2
unmarketable,-0.2
unmerchantable,-0.2
unmeritorious,-0.2
unnecessarily,-0.2
unnecessary,-0.2
unneeded,-0.2
unobtainable,-0.2
unoccupied,-0.2
unpaid,-0.2
unperformed,-0.2
unplanned,-0.2
unpopular,-0.2
unpredictability,-0.2
unpredictable,-0.2
unpredictably,-0.2
unpredicted,-0.2
unproductive,-0.2
unprofitability,-0.2
unprofitable,-0.2
unqualified,-0.2
unrealistic,-0.2
unreasonable,-0.2
unreasonableness,-0.2
unreasonably,-0.2
unreceptive,-0.2
unrecoverable,-0.2
unrecovered,-0.2
unreimbursed,-0.2
unreliable,-0.2
unremedied,-0.2
unreported,-0.2
unresolved,-0.2
unrest,-0.2
unsafe,-0.2
unsalable,-0.2
unsaleable,-0.2
unsatisfactory,-0.2
unsatisfied,-0.2
unsavory,-0.2
unscheduled,-0.2
unsellable,-0.2
unsold,-0.2
unsound,-0.2
unstabilized,-0.2
unstable,-0.2
unsubstantiated,-0.2
unsuccessful,-0.2
unsuccessfully,-0.2
unsuitability,-0.2
unsuitable,-0.2
unsuitably,-0.2
unsuited,-0.2
unsure,-0.2
unsuspected,-0.2
unsuspecting,-0.2
unsustainable,-0.2
untenable,-0.2
untimely,-0.2
untrusted,-0.2
untruth,-0.2
untruthful,-0.2
untruthfully,-0.2
untruthfulness,-0.2
untruths,-0.2
unusable,-0.2
unwanted,-0.2
unwarranted,-0.2
unwelcome,-0.2
unwilling,-0.2
unwillingness,-0.2
upset,-0.2
urgency,-0.2
urgent,-0.2
usurious,-0.2
usurp,-0.2
usurped,-0.2
usurping,-0.2
usurps,-0.2
usury,-0.2
vandalism,-0.2
verdict,-0.2
verdicts,-0.2
vetoed,-0.2
victims,-0.2
violate,-0.2
violated,-0.2
violates,-0.2
violating,-0.2
violation,-0.2
violations,-0.2
violative,-0.2
violator,-0.2
violators,-0.2
violence,-0.2
violent,-0.2
violently,-0.2
vitiate,-0.2
vitiated,-0.2
vitiates,-0.2
vitiating,-0.2
vitiation,-0.2
voided,-0.2
voiding,-0.2
volatile,-0.2
volatility,-0.2
vulnerabilities,-0.2
vulnerability,-0.2
vulnerable,-0.2
vulnerably,-0.2
warn,-0.2
warned,-0.2
warning,-0.2
warnings,-0.2
warns,-0.2
wasted,-0.2
wasteful,-0.2
wasting,-0.2
weak,-0.2
weaken,-0.2
weakened,-0.2
weakening,-0.2
weakens,-0.2
weaker,-0.2
weakest,-0.2
weakly,-0.2
weakness,-0.2
weaknesses,-0.2
willfully,-0.2
worries,-0.2
worry,-0.2
worrying,-0.2
worse,-0.2
worsen,-0.2
worsened,-0.2
worsening,-0.2
worsens,-0.2
worst,-0.2
worthless,-0.2
writedown,-0.2
writedowns,-0.2
writeoff,-0.2
writeoffs,-0.2
wrong,-0.2
wrongdoing,-0.2
wrongdoings,-0.2
wrongful,-0.2
wrongfully,-0.2
wrongly,-0.2
